--------------------------------------------------------
--  File created - Saturday-May-02-2026   
--------------------------------------------------------
--------------------------------------------------------
--  DDL for Sequence APPT_SEQ
--------------------------------------------------------

   CREATE SEQUENCE  "BLOOD_BANK"."APPT_SEQ"  MINVALUE 1 MAXVALUE 9999999999999999999999999999 INCREMENT BY 1 START WITH 1 CACHE 20 NOORDER  NOCYCLE ;
--------------------------------------------------------
--  DDL for Sequence CAMP_SEQ
--------------------------------------------------------

   CREATE SEQUENCE  "BLOOD_BANK"."CAMP_SEQ"  MINVALUE 1 MAXVALUE 9999999999999999999999999999 INCREMENT BY 1 START WITH 41 CACHE 20 NOORDER  NOCYCLE ;
--------------------------------------------------------
--  DDL for Sequence DONOR_SEQ
--------------------------------------------------------

   CREATE SEQUENCE  "BLOOD_BANK"."DONOR_SEQ"  MINVALUE 1 MAXVALUE 9999999999999999999999999999 INCREMENT BY 1 START WITH 100 CACHE 20 NOORDER  NOCYCLE ;
--------------------------------------------------------
--  DDL for Sequence DON_REC_SEQ
--------------------------------------------------------

   CREATE SEQUENCE  "BLOOD_BANK"."DON_REC_SEQ"  MINVALUE 1 MAXVALUE 9999999999999999999999999999 INCREMENT BY 1 START WITH 41 CACHE 20 NOORDER  NOCYCLE ;
--------------------------------------------------------
--  DDL for Sequence INV_SEQ
--------------------------------------------------------

   CREATE SEQUENCE  "BLOOD_BANK"."INV_SEQ"  MINVALUE 1 MAXVALUE 9999999999999999999999999999 INCREMENT BY 1 START WITH 41 CACHE 20 NOORDER  NOCYCLE ;
--------------------------------------------------------
--  DDL for Sequence LOG_SEQ
--------------------------------------------------------

   CREATE SEQUENCE  "BLOOD_BANK"."LOG_SEQ"  MINVALUE 1 MAXVALUE 9999999999999999999999999999 INCREMENT BY 1 START WITH 41 CACHE 20 NOORDER  NOCYCLE ;
--------------------------------------------------------
--  DDL for Sequence NOTIF_SEQ
--------------------------------------------------------

   CREATE SEQUENCE  "BLOOD_BANK"."NOTIF_SEQ"  MINVALUE 1 MAXVALUE 9999999999999999999999999999 INCREMENT BY 1 START WITH 1 CACHE 20 NOORDER  NOCYCLE ;
--------------------------------------------------------
--  DDL for Sequence REP_SEQ
--------------------------------------------------------

   CREATE SEQUENCE  "BLOOD_BANK"."REP_SEQ"  MINVALUE 1 MAXVALUE 9999999999999999999999999999 INCREMENT BY 1 START WITH 1 CACHE 20 NOORDER  NOCYCLE ;
--------------------------------------------------------
--  DDL for Sequence REQ_SEQ
--------------------------------------------------------

   CREATE SEQUENCE  "BLOOD_BANK"."REQ_SEQ"  MINVALUE 1 MAXVALUE 9999999999999999999999999999 INCREMENT BY 1 START WITH 41 CACHE 20 NOORDER  NOCYCLE ;
--------------------------------------------------------
--  DDL for Sequence USER_SEQ
--------------------------------------------------------

   CREATE SEQUENCE  "BLOOD_BANK"."USER_SEQ"  MINVALUE 1 MAXVALUE 9999999999999999999999999999 INCREMENT BY 1 START WITH 120 CACHE 20 NOORDER  NOCYCLE ;
--------------------------------------------------------
--  DDL for Table ADMIN
--------------------------------------------------------

  CREATE TABLE "BLOOD_BANK"."ADMIN" 
   (	"ADMINID" NUMBER, 
	"SECURITYLEVEL" NUMBER
   ) SEGMENT CREATION IMMEDIATE 
  PCTFREE 10 PCTUSED 40 INITRANS 1 MAXTRANS 255 NOCOMPRESS LOGGING
  STORAGE(INITIAL 65536 NEXT 1048576 MINEXTENTS 1 MAXEXTENTS 2147483645
  PCTINCREASE 0 FREELISTS 1 FREELIST GROUPS 1 BUFFER_POOL DEFAULT FLASH_CACHE DEFAULT CELL_FLASH_CACHE DEFAULT)
  TABLESPACE "SYSTEM" ;
--------------------------------------------------------
--  DDL for Table APPOINTMENT
--------------------------------------------------------

  CREATE TABLE "BLOOD_BANK"."APPOINTMENT" 
   (	"APPOINTMENTID" NUMBER, 
	"DONORID" NUMBER, 
	"DONATIONCAMPID" NUMBER, 
	"APPOINTMENTDATE" DATE, 
	"STATUS" VARCHAR2(20 BYTE)
   ) SEGMENT CREATION IMMEDIATE 
  PCTFREE 10 PCTUSED 40 INITRANS 1 MAXTRANS 255 NOCOMPRESS LOGGING
  STORAGE(INITIAL 65536 NEXT 1048576 MINEXTENTS 1 MAXEXTENTS 2147483645
  PCTINCREASE 0 FREELISTS 1 FREELIST GROUPS 1 BUFFER_POOL DEFAULT FLASH_CACHE DEFAULT CELL_FLASH_CACHE DEFAULT)
  TABLESPACE "SYSTEM" ;
--------------------------------------------------------
--  DDL for Table BLOODREQUEST
--------------------------------------------------------

  CREATE TABLE "BLOOD_BANK"."BLOODREQUEST" 
   (	"REQUESTID" NUMBER, 
	"HOSPITALID" NUMBER, 
	"BLOODGROUP" VARCHAR2(5 BYTE), 
	"QUANTITYML" NUMBER, 
	"URGENCY" VARCHAR2(20 BYTE), 
	"REQUESTDATE" DATE DEFAULT SYSDATE, 
	"STATUS" VARCHAR2(20 BYTE)
   ) SEGMENT CREATION IMMEDIATE 
  PCTFREE 10 PCTUSED 40 INITRANS 1 MAXTRANS 255 NOCOMPRESS LOGGING
  STORAGE(INITIAL 65536 NEXT 1048576 MINEXTENTS 1 MAXEXTENTS 2147483645
  PCTINCREASE 0 FREELISTS 1 FREELIST GROUPS 1 BUFFER_POOL DEFAULT FLASH_CACHE DEFAULT CELL_FLASH_CACHE DEFAULT)
  TABLESPACE "SYSTEM" ;
--------------------------------------------------------
--  DDL for Table BLOOD_INVENTORY
--------------------------------------------------------

  CREATE TABLE "BLOOD_BANK"."BLOOD_INVENTORY" 
   (	"BLOODID" NUMBER, 
	"BLOODGROUP" VARCHAR2(5 BYTE), 
	"QUANTITYML" NUMBER, 
	"EXPIRYDATE" DATE, 
	"STATUS" VARCHAR2(20 BYTE), 
	"ISSAFE" NUMBER(1,0) DEFAULT 0
   ) SEGMENT CREATION IMMEDIATE 
  PCTFREE 10 PCTUSED 40 INITRANS 1 MAXTRANS 255 NOCOMPRESS LOGGING
  STORAGE(INITIAL 65536 NEXT 1048576 MINEXTENTS 1 MAXEXTENTS 2147483645
  PCTINCREASE 0 FREELISTS 1 FREELIST GROUPS 1 BUFFER_POOL DEFAULT FLASH_CACHE DEFAULT CELL_FLASH_CACHE DEFAULT)
  TABLESPACE "SYSTEM" ;
--------------------------------------------------------
--  DDL for Table BLOOD_REPORT
--------------------------------------------------------

  CREATE TABLE "BLOOD_BANK"."BLOOD_REPORT" 
   (	"REPORTID" NUMBER, 
	"ADMINID" NUMBER, 
	"REPORTTYPE" VARCHAR2(100 BYTE), 
	"GENERATEDDATE" DATE DEFAULT SYSDATE
   ) SEGMENT CREATION IMMEDIATE 
  PCTFREE 10 PCTUSED 40 INITRANS 1 MAXTRANS 255 NOCOMPRESS LOGGING
  STORAGE(INITIAL 65536 NEXT 1048576 MINEXTENTS 1 MAXEXTENTS 2147483645
  PCTINCREASE 0 FREELISTS 1 FREELIST GROUPS 1 BUFFER_POOL DEFAULT FLASH_CACHE DEFAULT CELL_FLASH_CACHE DEFAULT)
  TABLESPACE "SYSTEM" ;
--------------------------------------------------------
--  DDL for Table DONATIONCAMP
--------------------------------------------------------

  CREATE TABLE "BLOOD_BANK"."DONATIONCAMP" 
   (	"CAMPID" NUMBER, 
	"CAMPNAME" VARCHAR2(100 BYTE), 
	"LOCATION" VARCHAR2(255 BYTE), 
	"STARTDATE" DATE, 
	"ENDDATE" DATE, 
	"ORGANIZERID" NUMBER
   ) SEGMENT CREATION IMMEDIATE 
  PCTFREE 10 PCTUSED 40 INITRANS 1 MAXTRANS 255 NOCOMPRESS LOGGING
  STORAGE(INITIAL 65536 NEXT 1048576 MINEXTENTS 1 MAXEXTENTS 2147483645
  PCTINCREASE 0 FREELISTS 1 FREELIST GROUPS 1 BUFFER_POOL DEFAULT FLASH_CACHE DEFAULT CELL_FLASH_CACHE DEFAULT)
  TABLESPACE "SYSTEM" ;
--------------------------------------------------------
--  DDL for Table DONATIONRECORD
--------------------------------------------------------

  CREATE TABLE "BLOOD_BANK"."DONATIONRECORD" 
   (	"DONATIONID" NUMBER, 
	"DONORID" NUMBER, 
	"DONATIONDATE" DATE DEFAULT SYSDATE, 
	"BLOODGROUP" VARCHAR2(5 BYTE), 
	"QUANTITYML" NUMBER, 
	"TESTRESULTS" VARCHAR2(255 BYTE), 
	"ISAPPROVED" NUMBER(1,0) DEFAULT 0
   ) SEGMENT CREATION IMMEDIATE 
  PCTFREE 10 PCTUSED 40 INITRANS 1 MAXTRANS 255 NOCOMPRESS LOGGING
  STORAGE(INITIAL 65536 NEXT 1048576 MINEXTENTS 1 MAXEXTENTS 2147483645
  PCTINCREASE 0 FREELISTS 1 FREELIST GROUPS 1 BUFFER_POOL DEFAULT FLASH_CACHE DEFAULT CELL_FLASH_CACHE DEFAULT)
  TABLESPACE "SYSTEM" ;
--------------------------------------------------------
--  DDL for Table DONOR
--------------------------------------------------------

  CREATE TABLE "BLOOD_BANK"."DONOR" 
   (	"DONORID" NUMBER, 
	"BLOODGROUP" VARCHAR2(5 BYTE), 
	"DATEOFBIRTH" DATE, 
	"GENDER" VARCHAR2(10 BYTE), 
	"WEIGHT" NUMBER, 
	"MEDICALHISTORY" CLOB, 
	"ISELIGIBLE" NUMBER(1,0)
   ) SEGMENT CREATION IMMEDIATE 
  PCTFREE 10 PCTUSED 40 INITRANS 1 MAXTRANS 255 NOCOMPRESS LOGGING
  STORAGE(INITIAL 65536 NEXT 1048576 MINEXTENTS 1 MAXEXTENTS 2147483645
  PCTINCREASE 0 FREELISTS 1 FREELIST GROUPS 1 BUFFER_POOL DEFAULT FLASH_CACHE DEFAULT CELL_FLASH_CACHE DEFAULT)
  TABLESPACE "SYSTEM" 
 LOB ("MEDICALHISTORY") STORE AS BASICFILE (
  TABLESPACE "SYSTEM" ENABLE STORAGE IN ROW CHUNK 8192 RETENTION 
  NOCACHE LOGGING 
  STORAGE(INITIAL 65536 NEXT 1048576 MINEXTENTS 1 MAXEXTENTS 2147483645
  PCTINCREASE 0 FREELISTS 1 FREELIST GROUPS 1 BUFFER_POOL DEFAULT FLASH_CACHE DEFAULT CELL_FLASH_CACHE DEFAULT)) ;
--------------------------------------------------------
--  DDL for Table EMPLOYEE
--------------------------------------------------------

  CREATE TABLE "BLOOD_BANK"."EMPLOYEE" 
   (	"EMPLOYEEID" NUMBER, 
	"JOBTITLE" VARCHAR2(100 BYTE), 
	"DEPARTMENT" VARCHAR2(100 BYTE), 
	"HIREDATE" DATE
   ) SEGMENT CREATION IMMEDIATE 
  PCTFREE 10 PCTUSED 40 INITRANS 1 MAXTRANS 255 NOCOMPRESS LOGGING
  STORAGE(INITIAL 65536 NEXT 1048576 MINEXTENTS 1 MAXEXTENTS 2147483645
  PCTINCREASE 0 FREELISTS 1 FREELIST GROUPS 1 BUFFER_POOL DEFAULT FLASH_CACHE DEFAULT CELL_FLASH_CACHE DEFAULT)
  TABLESPACE "SYSTEM" ;
--------------------------------------------------------
--  DDL for Table HOSPITAL
--------------------------------------------------------

  CREATE TABLE "BLOOD_BANK"."HOSPITAL" 
   (	"HOSPITALID" NUMBER, 
	"LICENSENO" VARCHAR2(50 BYTE), 
	"HOSPITALTYPE" VARCHAR2(50 BYTE), 
	"EMERGENCYCONTACT" VARCHAR2(20 BYTE)
   ) SEGMENT CREATION IMMEDIATE 
  PCTFREE 10 PCTUSED 40 INITRANS 1 MAXTRANS 255 NOCOMPRESS LOGGING
  STORAGE(INITIAL 65536 NEXT 1048576 MINEXTENTS 1 MAXEXTENTS 2147483645
  PCTINCREASE 0 FREELISTS 1 FREELIST GROUPS 1 BUFFER_POOL DEFAULT FLASH_CACHE DEFAULT CELL_FLASH_CACHE DEFAULT)
  TABLESPACE "SYSTEM" ;
--------------------------------------------------------
--  DDL for Table LABTECH
--------------------------------------------------------

  CREATE TABLE "BLOOD_BANK"."LABTECH" 
   (	"TECHID" NUMBER, 
	"CERTIFICATIONNO" VARCHAR2(100 BYTE)
   ) SEGMENT CREATION IMMEDIATE 
  PCTFREE 10 PCTUSED 40 INITRANS 1 MAXTRANS 255 NOCOMPRESS LOGGING
  STORAGE(INITIAL 65536 NEXT 1048576 MINEXTENTS 1 MAXEXTENTS 2147483645
  PCTINCREASE 0 FREELISTS 1 FREELIST GROUPS 1 BUFFER_POOL DEFAULT FLASH_CACHE DEFAULT CELL_FLASH_CACHE DEFAULT)
  TABLESPACE "SYSTEM" ;
--------------------------------------------------------
--  DDL for Table NOTIFICATION
--------------------------------------------------------

  CREATE TABLE "BLOOD_BANK"."NOTIFICATION" 
   (	"NOTIFICATIONID" NUMBER, 
	"USERID" NUMBER, 
	"MESSAGE" VARCHAR2(1000 BYTE), 
	"NOTIFICATION_TYPE" VARCHAR2(20 BYTE), 
	"SENTDATE" DATE DEFAULT SYSDATE, 
	"ISREAD" NUMBER(1,0) DEFAULT 0
   ) SEGMENT CREATION IMMEDIATE 
  PCTFREE 10 PCTUSED 40 INITRANS 1 MAXTRANS 255 NOCOMPRESS LOGGING
  STORAGE(INITIAL 65536 NEXT 1048576 MINEXTENTS 1 MAXEXTENTS 2147483645
  PCTINCREASE 0 FREELISTS 1 FREELIST GROUPS 1 BUFFER_POOL DEFAULT FLASH_CACHE DEFAULT CELL_FLASH_CACHE DEFAULT)
  TABLESPACE "SYSTEM" ;
--------------------------------------------------------
--  DDL for Table SYSTEM_LOG
--------------------------------------------------------

  CREATE TABLE "BLOOD_BANK"."SYSTEM_LOG" 
   (	"LOGID" NUMBER, 
	"ADMINID" NUMBER, 
	"ACTION" VARCHAR2(255 BYTE), 
	"LOG_TIMESTAMP" TIMESTAMP (6) DEFAULT CURRENT_TIMESTAMP, 
	"IPADDRESS" VARCHAR2(45 BYTE)
   ) SEGMENT CREATION IMMEDIATE 
  PCTFREE 10 PCTUSED 40 INITRANS 1 MAXTRANS 255 NOCOMPRESS LOGGING
  STORAGE(INITIAL 65536 NEXT 1048576 MINEXTENTS 1 MAXEXTENTS 2147483645
  PCTINCREASE 0 FREELISTS 1 FREELIST GROUPS 1 BUFFER_POOL DEFAULT FLASH_CACHE DEFAULT CELL_FLASH_CACHE DEFAULT)
  TABLESPACE "SYSTEM" ;
--------------------------------------------------------
--  DDL for Table USERS
--------------------------------------------------------

  CREATE TABLE "BLOOD_BANK"."USERS" 
   (	"USERID" NUMBER, 
	"NAME" VARCHAR2(100 BYTE), 
	"EMAIL" VARCHAR2(100 BYTE), 
	"PASSWORDHASH" VARCHAR2(255 BYTE), 
	"PHONE" VARCHAR2(20 BYTE), 
	"ADDRESS" VARCHAR2(255 BYTE), 
	"USERTYPE" VARCHAR2(20 BYTE), 
	"REGISTRATIONDATE" DATE DEFAULT SYSDATE
   ) SEGMENT CREATION IMMEDIATE 
  PCTFREE 10 PCTUSED 40 INITRANS 1 MAXTRANS 255 NOCOMPRESS LOGGING
  STORAGE(INITIAL 65536 NEXT 1048576 MINEXTENTS 1 MAXEXTENTS 2147483645
  PCTINCREASE 0 FREELISTS 1 FREELIST GROUPS 1 BUFFER_POOL DEFAULT FLASH_CACHE DEFAULT CELL_FLASH_CACHE DEFAULT)
  TABLESPACE "SYSTEM" ;
REM INSERTING into BLOOD_BANK.ADMIN
SET DEFINE OFF;
Insert into BLOOD_BANK.ADMIN (ADMINID,SECURITYLEVEL) values (4,1);
REM INSERTING into BLOOD_BANK.APPOINTMENT
SET DEFINE OFF;
REM INSERTING into BLOOD_BANK.BLOODREQUEST
SET DEFINE OFF;
Insert into BLOOD_BANK.BLOODREQUEST (REQUESTID,HOSPITALID,BLOODGROUP,QUANTITYML,URGENCY,REQUESTDATE,STATUS) values (1,3,'O+',1000,'Emergency',to_date('30-APR-26','DD-MON-RR'),'Pending');
Insert into BLOOD_BANK.BLOODREQUEST (REQUESTID,HOSPITALID,BLOODGROUP,QUANTITYML,URGENCY,REQUESTDATE,STATUS) values (2,8,'A-',500,'Normal',to_date('30-APR-26','DD-MON-RR'),'Approved');
Insert into BLOOD_BANK.BLOODREQUEST (REQUESTID,HOSPITALID,BLOODGROUP,QUANTITYML,URGENCY,REQUESTDATE,STATUS) values (3,3,'B+',2000,'Emergency',to_date('30-APR-26','DD-MON-RR'),'Fulfilled');
Insert into BLOOD_BANK.BLOODREQUEST (REQUESTID,HOSPITALID,BLOODGROUP,QUANTITYML,URGENCY,REQUESTDATE,STATUS) values (4,8,'AB+',300,'Normal',to_date('30-APR-26','DD-MON-RR'),'Rejected');
Insert into BLOOD_BANK.BLOODREQUEST (REQUESTID,HOSPITALID,BLOODGROUP,QUANTITYML,URGENCY,REQUESTDATE,STATUS) values (5,3,'O-',800,'Emergency',to_date('30-APR-26','DD-MON-RR'),'Pending');
Insert into BLOOD_BANK.BLOODREQUEST (REQUESTID,HOSPITALID,BLOODGROUP,QUANTITYML,URGENCY,REQUESTDATE,STATUS) values (21,3,'O+',1000,'Emergency',to_date('01-MAY-26','DD-MON-RR'),'Pending');
Insert into BLOOD_BANK.BLOODREQUEST (REQUESTID,HOSPITALID,BLOODGROUP,QUANTITYML,URGENCY,REQUESTDATE,STATUS) values (22,8,'A-',500,'Normal',to_date('01-MAY-26','DD-MON-RR'),'Approved');
Insert into BLOOD_BANK.BLOODREQUEST (REQUESTID,HOSPITALID,BLOODGROUP,QUANTITYML,URGENCY,REQUESTDATE,STATUS) values (23,3,'B+',2000,'Emergency',to_date('01-MAY-26','DD-MON-RR'),'Fulfilled');
Insert into BLOOD_BANK.BLOODREQUEST (REQUESTID,HOSPITALID,BLOODGROUP,QUANTITYML,URGENCY,REQUESTDATE,STATUS) values (24,8,'AB+',300,'Normal',to_date('01-MAY-26','DD-MON-RR'),'Rejected');
Insert into BLOOD_BANK.BLOODREQUEST (REQUESTID,HOSPITALID,BLOODGROUP,QUANTITYML,URGENCY,REQUESTDATE,STATUS) values (25,3,'O-',800,'Emergency',to_date('01-MAY-26','DD-MON-RR'),'Fulfilled');
REM INSERTING into BLOOD_BANK.BLOOD_INVENTORY
SET DEFINE OFF;
Insert into BLOOD_BANK.BLOOD_INVENTORY (BLOODID,BLOODGROUP,QUANTITYML,EXPIRYDATE,STATUS,ISSAFE) values (1,'O+',500,to_date('30-MAY-26','DD-MON-RR'),'Available',1);
Insert into BLOOD_BANK.BLOOD_INVENTORY (BLOODID,BLOODGROUP,QUANTITYML,EXPIRYDATE,STATUS,ISSAFE) values (2,'A-',450,to_date('20-MAY-26','DD-MON-RR'),'Available',1);
Insert into BLOOD_BANK.BLOOD_INVENTORY (BLOODID,BLOODGROUP,QUANTITYML,EXPIRYDATE,STATUS,ISSAFE) values (3,'B+',500,to_date('25-MAY-26','DD-MON-RR'),'Available',1);
Insert into BLOOD_BANK.BLOOD_INVENTORY (BLOODID,BLOODGROUP,QUANTITYML,EXPIRYDATE,STATUS,ISSAFE) values (4,'AB+',300,to_date('10-MAY-26','DD-MON-RR'),'Quarantined',0);
Insert into BLOOD_BANK.BLOOD_INVENTORY (BLOODID,BLOODGROUP,QUANTITYML,EXPIRYDATE,STATUS,ISSAFE) values (5,'O-',500,to_date('04-JUN-26','DD-MON-RR'),'Available',1);
Insert into BLOOD_BANK.BLOOD_INVENTORY (BLOODID,BLOODGROUP,QUANTITYML,EXPIRYDATE,STATUS,ISSAFE) values (6,'A+',500,to_date('15-MAY-26','DD-MON-RR'),'Available',1);
Insert into BLOOD_BANK.BLOOD_INVENTORY (BLOODID,BLOODGROUP,QUANTITYML,EXPIRYDATE,STATUS,ISSAFE) values (7,'B-',400,to_date('25-APR-26','DD-MON-RR'),'Expired',0);
Insert into BLOOD_BANK.BLOOD_INVENTORY (BLOODID,BLOODGROUP,QUANTITYML,EXPIRYDATE,STATUS,ISSAFE) values (8,'AB-',250,to_date('09-JUN-26','DD-MON-RR'),'Available',1);
Insert into BLOOD_BANK.BLOOD_INVENTORY (BLOODID,BLOODGROUP,QUANTITYML,EXPIRYDATE,STATUS,ISSAFE) values (9,'O+',500,to_date('12-MAY-26','DD-MON-RR'),'Available',1);
Insert into BLOOD_BANK.BLOOD_INVENTORY (BLOODID,BLOODGROUP,QUANTITYML,EXPIRYDATE,STATUS,ISSAFE) values (10,'A-',450,to_date('05-MAY-26','DD-MON-RR'),'Quarantined',0);
Insert into BLOOD_BANK.BLOOD_INVENTORY (BLOODID,BLOODGROUP,QUANTITYML,EXPIRYDATE,STATUS,ISSAFE) values (21,'O+',500,to_date('31-MAY-26','DD-MON-RR'),'Available',1);
Insert into BLOOD_BANK.BLOOD_INVENTORY (BLOODID,BLOODGROUP,QUANTITYML,EXPIRYDATE,STATUS,ISSAFE) values (22,'A-',450,to_date('21-MAY-26','DD-MON-RR'),'Available',1);
Insert into BLOOD_BANK.BLOOD_INVENTORY (BLOODID,BLOODGROUP,QUANTITYML,EXPIRYDATE,STATUS,ISSAFE) values (23,'B+',500,to_date('26-MAY-26','DD-MON-RR'),'Available',1);
Insert into BLOOD_BANK.BLOOD_INVENTORY (BLOODID,BLOODGROUP,QUANTITYML,EXPIRYDATE,STATUS,ISSAFE) values (24,'AB+',300,to_date('11-MAY-26','DD-MON-RR'),'Quarantined',0);
Insert into BLOOD_BANK.BLOOD_INVENTORY (BLOODID,BLOODGROUP,QUANTITYML,EXPIRYDATE,STATUS,ISSAFE) values (25,'O-',500,to_date('05-JUN-26','DD-MON-RR'),'Available',1);
Insert into BLOOD_BANK.BLOOD_INVENTORY (BLOODID,BLOODGROUP,QUANTITYML,EXPIRYDATE,STATUS,ISSAFE) values (26,'A+',500,to_date('16-MAY-26','DD-MON-RR'),'Available',1);
Insert into BLOOD_BANK.BLOOD_INVENTORY (BLOODID,BLOODGROUP,QUANTITYML,EXPIRYDATE,STATUS,ISSAFE) values (27,'B-',400,to_date('26-APR-26','DD-MON-RR'),'Expired',0);
Insert into BLOOD_BANK.BLOOD_INVENTORY (BLOODID,BLOODGROUP,QUANTITYML,EXPIRYDATE,STATUS,ISSAFE) values (28,'AB-',250,to_date('10-JUN-26','DD-MON-RR'),'Available',1);
Insert into BLOOD_BANK.BLOOD_INVENTORY (BLOODID,BLOODGROUP,QUANTITYML,EXPIRYDATE,STATUS,ISSAFE) values (29,'O+',500,to_date('13-MAY-26','DD-MON-RR'),'Available',1);
Insert into BLOOD_BANK.BLOOD_INVENTORY (BLOODID,BLOODGROUP,QUANTITYML,EXPIRYDATE,STATUS,ISSAFE) values (30,'A-',450,to_date('06-MAY-26','DD-MON-RR'),'Quarantined',0);
REM INSERTING into BLOOD_BANK.BLOOD_REPORT
SET DEFINE OFF;
REM INSERTING into BLOOD_BANK.DONATIONCAMP
SET DEFINE OFF;
Insert into BLOOD_BANK.DONATIONCAMP (CAMPID,CAMPNAME,LOCATION,STARTDATE,ENDDATE,ORGANIZERID) values (1,'City Drive','Karachi',to_date('30-APR-26','DD-MON-RR'),to_date('02-MAY-26','DD-MON-RR'),4);
Insert into BLOOD_BANK.DONATIONCAMP (CAMPID,CAMPNAME,LOCATION,STARTDATE,ENDDATE,ORGANIZERID) values (2,'Uni Campus','Lahore',to_date('05-MAY-26','DD-MON-RR'),to_date('07-MAY-26','DD-MON-RR'),4);
Insert into BLOOD_BANK.DONATIONCAMP (CAMPID,CAMPNAME,LOCATION,STARTDATE,ENDDATE,ORGANIZERID) values (3,'Health Fest','Islamabad',to_date('10-MAY-26','DD-MON-RR'),to_date('11-MAY-26','DD-MON-RR'),4);
Insert into BLOOD_BANK.DONATIONCAMP (CAMPID,CAMPNAME,LOCATION,STARTDATE,ENDDATE,ORGANIZERID) values (4,'Life Save','Multan',to_date('30-APR-26','DD-MON-RR'),to_date('01-MAY-26','DD-MON-RR'),4);
Insert into BLOOD_BANK.DONATIONCAMP (CAMPID,CAMPNAME,LOCATION,STARTDATE,ENDDATE,ORGANIZERID) values (5,'Blood Link','Peshawar',to_date('20-MAY-26','DD-MON-RR'),to_date('22-MAY-26','DD-MON-RR'),4);
Insert into BLOOD_BANK.DONATIONCAMP (CAMPID,CAMPNAME,LOCATION,STARTDATE,ENDDATE,ORGANIZERID) values (21,'City Drive','Karachi',to_date('01-MAY-26','DD-MON-RR'),to_date('03-MAY-26','DD-MON-RR'),4);
Insert into BLOOD_BANK.DONATIONCAMP (CAMPID,CAMPNAME,LOCATION,STARTDATE,ENDDATE,ORGANIZERID) values (22,'Uni Campus','Lahore',to_date('06-MAY-26','DD-MON-RR'),to_date('08-MAY-26','DD-MON-RR'),4);
Insert into BLOOD_BANK.DONATIONCAMP (CAMPID,CAMPNAME,LOCATION,STARTDATE,ENDDATE,ORGANIZERID) values (23,'Health Fest','Islamabad',to_date('11-MAY-26','DD-MON-RR'),to_date('12-MAY-26','DD-MON-RR'),4);
Insert into BLOOD_BANK.DONATIONCAMP (CAMPID,CAMPNAME,LOCATION,STARTDATE,ENDDATE,ORGANIZERID) values (24,'Life Save','Multan',to_date('01-MAY-26','DD-MON-RR'),to_date('02-MAY-26','DD-MON-RR'),4);
Insert into BLOOD_BANK.DONATIONCAMP (CAMPID,CAMPNAME,LOCATION,STARTDATE,ENDDATE,ORGANIZERID) values (25,'Blood Link','Peshawar',to_date('21-MAY-26','DD-MON-RR'),to_date('23-MAY-26','DD-MON-RR'),4);
REM INSERTING into BLOOD_BANK.DONATIONRECORD
SET DEFINE OFF;
Insert into BLOOD_BANK.DONATIONRECORD (DONATIONID,DONORID,DONATIONDATE,BLOODGROUP,QUANTITYML,TESTRESULTS,ISAPPROVED) values (1,1,to_date('30-APR-26','DD-MON-RR'),'O+',450,null,1);
Insert into BLOOD_BANK.DONATIONRECORD (DONATIONID,DONORID,DONATIONDATE,BLOODGROUP,QUANTITYML,TESTRESULTS,ISAPPROVED) values (2,1,to_date('30-APR-26','DD-MON-RR'),'O+',450,null,1);
Insert into BLOOD_BANK.DONATIONRECORD (DONATIONID,DONORID,DONATIONDATE,BLOODGROUP,QUANTITYML,TESTRESULTS,ISAPPROVED) values (3,2,to_date('30-APR-26','DD-MON-RR'),'A-',450,null,1);
Insert into BLOOD_BANK.DONATIONRECORD (DONATIONID,DONORID,DONATIONDATE,BLOODGROUP,QUANTITYML,TESTRESULTS,ISAPPROVED) values (4,5,to_date('30-APR-26','DD-MON-RR'),'B+',450,null,1);
Insert into BLOOD_BANK.DONATIONRECORD (DONATIONID,DONORID,DONATIONDATE,BLOODGROUP,QUANTITYML,TESTRESULTS,ISAPPROVED) values (5,7,to_date('30-APR-26','DD-MON-RR'),'AB+',450,null,1);
Insert into BLOOD_BANK.DONATIONRECORD (DONATIONID,DONORID,DONATIONDATE,BLOODGROUP,QUANTITYML,TESTRESULTS,ISAPPROVED) values (6,10,to_date('30-APR-26','DD-MON-RR'),'O-',450,null,1);
Insert into BLOOD_BANK.DONATIONRECORD (DONATIONID,DONORID,DONATIONDATE,BLOODGROUP,QUANTITYML,TESTRESULTS,ISAPPROVED) values (7,1,to_date('30-APR-26','DD-MON-RR'),'O+',450,null,1);
Insert into BLOOD_BANK.DONATIONRECORD (DONATIONID,DONORID,DONATIONDATE,BLOODGROUP,QUANTITYML,TESTRESULTS,ISAPPROVED) values (8,2,to_date('30-APR-26','DD-MON-RR'),'A-',450,null,0);
Insert into BLOOD_BANK.DONATIONRECORD (DONATIONID,DONORID,DONATIONDATE,BLOODGROUP,QUANTITYML,TESTRESULTS,ISAPPROVED) values (9,5,to_date('30-APR-26','DD-MON-RR'),'B+',450,null,1);
Insert into BLOOD_BANK.DONATIONRECORD (DONATIONID,DONORID,DONATIONDATE,BLOODGROUP,QUANTITYML,TESTRESULTS,ISAPPROVED) values (10,10,to_date('30-APR-26','DD-MON-RR'),'O-',450,null,1);
Insert into BLOOD_BANK.DONATIONRECORD (DONATIONID,DONORID,DONATIONDATE,BLOODGROUP,QUANTITYML,TESTRESULTS,ISAPPROVED) values (21,1,to_date('01-MAY-26','DD-MON-RR'),'O+',450,null,1);
Insert into BLOOD_BANK.DONATIONRECORD (DONATIONID,DONORID,DONATIONDATE,BLOODGROUP,QUANTITYML,TESTRESULTS,ISAPPROVED) values (22,1,to_date('01-MAY-26','DD-MON-RR'),'O+',450,null,1);
Insert into BLOOD_BANK.DONATIONRECORD (DONATIONID,DONORID,DONATIONDATE,BLOODGROUP,QUANTITYML,TESTRESULTS,ISAPPROVED) values (23,2,to_date('01-MAY-26','DD-MON-RR'),'A-',450,null,1);
Insert into BLOOD_BANK.DONATIONRECORD (DONATIONID,DONORID,DONATIONDATE,BLOODGROUP,QUANTITYML,TESTRESULTS,ISAPPROVED) values (24,5,to_date('01-MAY-26','DD-MON-RR'),'B+',450,null,1);
Insert into BLOOD_BANK.DONATIONRECORD (DONATIONID,DONORID,DONATIONDATE,BLOODGROUP,QUANTITYML,TESTRESULTS,ISAPPROVED) values (25,7,to_date('01-MAY-26','DD-MON-RR'),'AB+',450,null,1);
Insert into BLOOD_BANK.DONATIONRECORD (DONATIONID,DONORID,DONATIONDATE,BLOODGROUP,QUANTITYML,TESTRESULTS,ISAPPROVED) values (26,10,to_date('01-MAY-26','DD-MON-RR'),'O-',450,null,1);
Insert into BLOOD_BANK.DONATIONRECORD (DONATIONID,DONORID,DONATIONDATE,BLOODGROUP,QUANTITYML,TESTRESULTS,ISAPPROVED) values (27,1,to_date('01-MAY-26','DD-MON-RR'),'O+',450,null,1);
Insert into BLOOD_BANK.DONATIONRECORD (DONATIONID,DONORID,DONATIONDATE,BLOODGROUP,QUANTITYML,TESTRESULTS,ISAPPROVED) values (28,2,to_date('01-MAY-26','DD-MON-RR'),'A-',450,null,0);
Insert into BLOOD_BANK.DONATIONRECORD (DONATIONID,DONORID,DONATIONDATE,BLOODGROUP,QUANTITYML,TESTRESULTS,ISAPPROVED) values (29,5,to_date('01-MAY-26','DD-MON-RR'),'B+',450,null,1);
Insert into BLOOD_BANK.DONATIONRECORD (DONATIONID,DONORID,DONATIONDATE,BLOODGROUP,QUANTITYML,TESTRESULTS,ISAPPROVED) values (30,10,to_date('01-MAY-26','DD-MON-RR'),'O-',450,null,1);
REM INSERTING into BLOOD_BANK.DONOR
SET DEFINE OFF;
Insert into BLOOD_BANK.DONOR (DONORID,BLOODGROUP,DATEOFBIRTH,GENDER,WEIGHT,ISELIGIBLE) values (1,'O+',null,'male',70,1);
Insert into BLOOD_BANK.DONOR (DONORID,BLOODGROUP,DATEOFBIRTH,GENDER,WEIGHT,ISELIGIBLE) values (2,'A-',null,'male',65,1);
Insert into BLOOD_BANK.DONOR (DONORID,BLOODGROUP,DATEOFBIRTH,GENDER,WEIGHT,ISELIGIBLE) values (5,'B+',null,'female',55,1);
Insert into BLOOD_BANK.DONOR (DONORID,BLOODGROUP,DATEOFBIRTH,GENDER,WEIGHT,ISELIGIBLE) values (7,'AB+',null,'male',80,1);
Insert into BLOOD_BANK.DONOR (DONORID,BLOODGROUP,DATEOFBIRTH,GENDER,WEIGHT,ISELIGIBLE) values (10,'O-',null,'female',50,1);
Insert into BLOOD_BANK.DONOR (DONORID,BLOODGROUP,DATEOFBIRTH,GENDER,WEIGHT,ISELIGIBLE) values (100,'A+',null,'female',67,1);
REM INSERTING into BLOOD_BANK.EMPLOYEE
SET DEFINE OFF;
Insert into BLOOD_BANK.EMPLOYEE (EMPLOYEEID,JOBTITLE,DEPARTMENT,HIREDATE) values (9,'Manager','Operations',null);
REM INSERTING into BLOOD_BANK.HOSPITAL
SET DEFINE OFF;
Insert into BLOOD_BANK.HOSPITAL (HOSPITALID,LICENSENO,HOSPITALTYPE,EMERGENCYCONTACT) values (3,'H-101','Private','1122');
Insert into BLOOD_BANK.HOSPITAL (HOSPITALID,LICENSENO,HOSPITALTYPE,EMERGENCYCONTACT) values (8,'H-102','Public','9999');
REM INSERTING into BLOOD_BANK.LABTECH
SET DEFINE OFF;
Insert into BLOOD_BANK.LABTECH (TECHID,CERTIFICATIONNO) values (6,'LAB-CERT-001');
REM INSERTING into BLOOD_BANK.NOTIFICATION
SET DEFINE OFF;
REM INSERTING into BLOOD_BANK.SYSTEM_LOG
SET DEFINE OFF;
Insert into BLOOD_BANK.SYSTEM_LOG (LOGID,ADMINID,ACTION,LOG_TIMESTAMP,IPADDRESS) values (1,4,'Login Success',to_timestamp('30-APR-26 08.02.43.414000000 PM','DD-MON-RR HH.MI.SSXFF AM'),'192.168.1.1');
Insert into BLOOD_BANK.SYSTEM_LOG (LOGID,ADMINID,ACTION,LOG_TIMESTAMP,IPADDRESS) values (2,4,'Created User: ALI',to_timestamp('30-APR-26 08.02.43.419000000 PM','DD-MON-RR HH.MI.SSXFF AM'),'192.168.1.1');
Insert into BLOOD_BANK.SYSTEM_LOG (LOGID,ADMINID,ACTION,LOG_TIMESTAMP,IPADDRESS) values (3,4,'Approved Request #1',to_timestamp('30-APR-26 08.02.43.424000000 PM','DD-MON-RR HH.MI.SSXFF AM'),'192.168.1.1');
Insert into BLOOD_BANK.SYSTEM_LOG (LOGID,ADMINID,ACTION,LOG_TIMESTAMP,IPADDRESS) values (4,4,'Updated Inventory',to_timestamp('30-APR-26 08.02.43.430000000 PM','DD-MON-RR HH.MI.SSXFF AM'),'192.168.1.5');
Insert into BLOOD_BANK.SYSTEM_LOG (LOGID,ADMINID,ACTION,LOG_TIMESTAMP,IPADDRESS) values (5,4,'Deleted Test Record',to_timestamp('30-APR-26 08.02.43.433000000 PM','DD-MON-RR HH.MI.SSXFF AM'),'192.168.1.10');
Insert into BLOOD_BANK.SYSTEM_LOG (LOGID,ADMINID,ACTION,LOG_TIMESTAMP,IPADDRESS) values (21,4,'Login Success',to_timestamp('01-MAY-26 01.06.34.005000000 PM','DD-MON-RR HH.MI.SSXFF AM'),'192.168.1.1');
Insert into BLOOD_BANK.SYSTEM_LOG (LOGID,ADMINID,ACTION,LOG_TIMESTAMP,IPADDRESS) values (22,4,'Created User: ALI',to_timestamp('01-MAY-26 01.06.34.012000000 PM','DD-MON-RR HH.MI.SSXFF AM'),'192.168.1.1');
Insert into BLOOD_BANK.SYSTEM_LOG (LOGID,ADMINID,ACTION,LOG_TIMESTAMP,IPADDRESS) values (23,4,'Approved Request #1',to_timestamp('01-MAY-26 01.06.34.019000000 PM','DD-MON-RR HH.MI.SSXFF AM'),'192.168.1.1');
Insert into BLOOD_BANK.SYSTEM_LOG (LOGID,ADMINID,ACTION,LOG_TIMESTAMP,IPADDRESS) values (24,4,'Updated Inventory',to_timestamp('01-MAY-26 01.06.34.024000000 PM','DD-MON-RR HH.MI.SSXFF AM'),'192.168.1.5');
Insert into BLOOD_BANK.SYSTEM_LOG (LOGID,ADMINID,ACTION,LOG_TIMESTAMP,IPADDRESS) values (25,4,'Deleted Test Record',to_timestamp('01-MAY-26 01.06.34.031000000 PM','DD-MON-RR HH.MI.SSXFF AM'),'192.168.1.10');
REM INSERTING into BLOOD_BANK.USERS
SET DEFINE OFF;
Insert into BLOOD_BANK.USERS (USERID,NAME,EMAIL,PASSWORDHASH,PHONE,ADDRESS,USERTYPE,REGISTRATIONDATE) values (1,'ALI','ali@mail.com','pass123','0300111','Street A','Donor',to_date('30-APR-26','DD-MON-RR'));
Insert into BLOOD_BANK.USERS (USERID,NAME,EMAIL,PASSWORDHASH,PHONE,ADDRESS,USERTYPE,REGISTRATIONDATE) values (2,'ASLAM','aslam@mail.com','pass123','0300222','Street B','Donor',to_date('30-APR-26','DD-MON-RR'));
Insert into BLOOD_BANK.USERS (USERID,NAME,EMAIL,PASSWORDHASH,PHONE,ADDRESS,USERTYPE,REGISTRATIONDATE) values (3,'AMNA','amna@mail.com','pass123','0300333','Street C','Hospital',to_date('30-APR-26','DD-MON-RR'));
Insert into BLOOD_BANK.USERS (USERID,NAME,EMAIL,PASSWORDHASH,PHONE,ADDRESS,USERTYPE,REGISTRATIONDATE) values (4,'ABDULLAH','abdullah@mail.com','pass123','0300444','Street D','Admin',to_date('30-APR-26','DD-MON-RR'));
Insert into BLOOD_BANK.USERS (USERID,NAME,EMAIL,PASSWORDHASH,PHONE,ADDRESS,USERTYPE,REGISTRATIONDATE) values (5,'SARA','sara@mail.com','pass123','0300555','Street E','Donor',to_date('30-APR-26','DD-MON-RR'));
Insert into BLOOD_BANK.USERS (USERID,NAME,EMAIL,PASSWORDHASH,PHONE,ADDRESS,USERTYPE,REGISTRATIONDATE) values (6,'ROHIT','rohit@mail.com','pass123','0300666','Street F','LabTech',to_date('30-APR-26','DD-MON-RR'));
Insert into BLOOD_BANK.USERS (USERID,NAME,EMAIL,PASSWORDHASH,PHONE,ADDRESS,USERTYPE,REGISTRATIONDATE) values (7,'ROSHAN','roshan@mail.com','pass123','0300777','Street G','Donor',to_date('30-APR-26','DD-MON-RR'));
Insert into BLOOD_BANK.USERS (USERID,NAME,EMAIL,PASSWORDHASH,PHONE,ADDRESS,USERTYPE,REGISTRATIONDATE) values (8,'MARYAM','maryam@mail.com','pass123','0300888','Street H','Hospital',to_date('30-APR-26','DD-MON-RR'));
Insert into BLOOD_BANK.USERS (USERID,NAME,EMAIL,PASSWORDHASH,PHONE,ADDRESS,USERTYPE,REGISTRATIONDATE) values (9,'FIZZA','fizza@mail.com','pass123','0300999','Street I','Employee',to_date('30-APR-26','DD-MON-RR'));
Insert into BLOOD_BANK.USERS (USERID,NAME,EMAIL,PASSWORDHASH,PHONE,ADDRESS,USERTYPE,REGISTRATIONDATE) values (10,'LAIBA','laiba@mail.com','pass123','0300000','Street J','Donor',to_date('30-APR-26','DD-MON-RR'));
Insert into BLOOD_BANK.USERS (USERID,NAME,EMAIL,PASSWORDHASH,PHONE,ADDRESS,USERTYPE,REGISTRATIONDATE) values (101,'kinza Fatima','kinza@mail.com','kinza','0340 8370183','gulshan hadeed','Donor',to_date('01-MAY-26','DD-MON-RR'));
--------------------------------------------------------
--  DDL for Trigger APPT_BIR
--------------------------------------------------------

  CREATE OR REPLACE TRIGGER "BLOOD_BANK"."APPT_BIR" BEFORE INSERT ON Appointment FOR EACH ROW 
BEGIN SELECT appt_seq.NEXTVAL INTO :new.appointmentID FROM dual; END;

/
ALTER TRIGGER "BLOOD_BANK"."APPT_BIR" ENABLE;
--------------------------------------------------------
--  DDL for Trigger CAMP_BIR
--------------------------------------------------------

  CREATE OR REPLACE TRIGGER "BLOOD_BANK"."CAMP_BIR" BEFORE INSERT ON donationCamp FOR EACH ROW 
BEGIN SELECT camp_seq.NEXTVAL INTO :new.campID FROM dual; END;

/
ALTER TRIGGER "BLOOD_BANK"."CAMP_BIR" ENABLE;
--------------------------------------------------------
--  DDL for Trigger DON_REC_BIR
--------------------------------------------------------

  CREATE OR REPLACE TRIGGER "BLOOD_BANK"."DON_REC_BIR" BEFORE INSERT ON DonationRecord FOR EACH ROW 
BEGIN SELECT don_rec_seq.NEXTVAL INTO :new.donationID FROM dual; END;

/
ALTER TRIGGER "BLOOD_BANK"."DON_REC_BIR" ENABLE;
--------------------------------------------------------
--  DDL for Trigger INV_BIR
--------------------------------------------------------

  CREATE OR REPLACE TRIGGER "BLOOD_BANK"."INV_BIR" BEFORE INSERT ON blood_inventory FOR EACH ROW 
BEGIN SELECT inv_seq.NEXTVAL INTO :new.bloodID FROM dual; END;

/
ALTER TRIGGER "BLOOD_BANK"."INV_BIR" ENABLE;
--------------------------------------------------------
--  DDL for Trigger LOG_BIR
--------------------------------------------------------

  CREATE OR REPLACE TRIGGER "BLOOD_BANK"."LOG_BIR" BEFORE INSERT ON System_log FOR EACH ROW 
BEGIN SELECT log_seq.NEXTVAL INTO :new.logID FROM dual; END;

/
ALTER TRIGGER "BLOOD_BANK"."LOG_BIR" ENABLE;
--------------------------------------------------------
--  DDL for Trigger NOTIF_BIR
--------------------------------------------------------

  CREATE OR REPLACE TRIGGER "BLOOD_BANK"."NOTIF_BIR" BEFORE INSERT ON Notification FOR EACH ROW 
BEGIN SELECT notif_seq.NEXTVAL INTO :new.notificationID FROM dual; END;

/
ALTER TRIGGER "BLOOD_BANK"."NOTIF_BIR" ENABLE;
--------------------------------------------------------
--  DDL for Trigger REP_BIR
--------------------------------------------------------

  CREATE OR REPLACE TRIGGER "BLOOD_BANK"."REP_BIR" BEFORE INSERT ON Blood_report FOR EACH ROW 
BEGIN SELECT rep_seq.NEXTVAL INTO :new.reportID FROM dual; END;

/
ALTER TRIGGER "BLOOD_BANK"."REP_BIR" ENABLE;
--------------------------------------------------------
--  DDL for Trigger REQ_BIR
--------------------------------------------------------

  CREATE OR REPLACE TRIGGER "BLOOD_BANK"."REQ_BIR" BEFORE INSERT ON BloodRequest FOR EACH ROW 
BEGIN SELECT req_seq.NEXTVAL INTO :new.requestID FROM dual; END;

/
ALTER TRIGGER "BLOOD_BANK"."REQ_BIR" ENABLE;
--------------------------------------------------------
--  DDL for Trigger USER_BIR
--------------------------------------------------------

  CREATE OR REPLACE TRIGGER "BLOOD_BANK"."USER_BIR" 
BEFORE INSERT ON Users 
FOR EACH ROW 
BEGIN
  SELECT user_seq.NEXTVAL INTO :new.userID FROM dual;
END;

/
ALTER TRIGGER "BLOOD_BANK"."USER_BIR" ENABLE;
--------------------------------------------------------
--  Constraints for Table USERS
--------------------------------------------------------

  ALTER TABLE "BLOOD_BANK"."USERS" ADD UNIQUE ("EMAIL")
  USING INDEX PCTFREE 10 INITRANS 2 MAXTRANS 255 COMPUTE STATISTICS 
  STORAGE(INITIAL 65536 NEXT 1048576 MINEXTENTS 1 MAXEXTENTS 2147483645
  PCTINCREASE 0 FREELISTS 1 FREELIST GROUPS 1 BUFFER_POOL DEFAULT FLASH_CACHE DEFAULT CELL_FLASH_CACHE DEFAULT)
  TABLESPACE "SYSTEM"  ENABLE;
  ALTER TABLE "BLOOD_BANK"."USERS" ADD PRIMARY KEY ("USERID")
  USING INDEX PCTFREE 10 INITRANS 2 MAXTRANS 255 COMPUTE STATISTICS 
  STORAGE(INITIAL 65536 NEXT 1048576 MINEXTENTS 1 MAXEXTENTS 2147483645
  PCTINCREASE 0 FREELISTS 1 FREELIST GROUPS 1 BUFFER_POOL DEFAULT FLASH_CACHE DEFAULT CELL_FLASH_CACHE DEFAULT)
  TABLESPACE "SYSTEM"  ENABLE;
  ALTER TABLE "BLOOD_BANK"."USERS" ADD CHECK (userType IN ('Donor', 'Hospital', 'Employee', 'Admin', 'LabTech')) ENABLE;
  ALTER TABLE "BLOOD_BANK"."USERS" MODIFY ("PASSWORDHASH" NOT NULL ENABLE);
  ALTER TABLE "BLOOD_BANK"."USERS" MODIFY ("EMAIL" NOT NULL ENABLE);
  ALTER TABLE "BLOOD_BANK"."USERS" MODIFY ("NAME" NOT NULL ENABLE);
--------------------------------------------------------
--  Constraints for Table DONOR
--------------------------------------------------------

  ALTER TABLE "BLOOD_BANK"."DONOR" ADD PRIMARY KEY ("DONORID")
  USING INDEX PCTFREE 10 INITRANS 2 MAXTRANS 255 COMPUTE STATISTICS 
  STORAGE(INITIAL 65536 NEXT 1048576 MINEXTENTS 1 MAXEXTENTS 2147483645
  PCTINCREASE 0 FREELISTS 1 FREELIST GROUPS 1 BUFFER_POOL DEFAULT FLASH_CACHE DEFAULT CELL_FLASH_CACHE DEFAULT)
  TABLESPACE "SYSTEM"  ENABLE;
  ALTER TABLE "BLOOD_BANK"."DONOR" ADD CHECK (isEligible IN (0,1)) ENABLE;
  ALTER TABLE "BLOOD_BANK"."DONOR" ADD CHECK (gender IN ('male', 'female')) ENABLE;
  ALTER TABLE "BLOOD_BANK"."DONOR" ADD CHECK (bloodGroup IN ('A+', 'A-', 'B+', 'B-', 'O+', 'O-', 'AB+', 'AB-')) ENABLE;
--------------------------------------------------------
--  Constraints for Table BLOOD_REPORT
--------------------------------------------------------

  ALTER TABLE "BLOOD_BANK"."BLOOD_REPORT" ADD PRIMARY KEY ("REPORTID")
  USING INDEX PCTFREE 10 INITRANS 2 MAXTRANS 255 COMPUTE STATISTICS 
  STORAGE(INITIAL 65536 NEXT 1048576 MINEXTENTS 1 MAXEXTENTS 2147483645
  PCTINCREASE 0 FREELISTS 1 FREELIST GROUPS 1 BUFFER_POOL DEFAULT FLASH_CACHE DEFAULT CELL_FLASH_CACHE DEFAULT)
  TABLESPACE "SYSTEM"  ENABLE;
--------------------------------------------------------
--  Constraints for Table BLOOD_INVENTORY
--------------------------------------------------------

  ALTER TABLE "BLOOD_BANK"."BLOOD_INVENTORY" ADD PRIMARY KEY ("BLOODID")
  USING INDEX PCTFREE 10 INITRANS 2 MAXTRANS 255 COMPUTE STATISTICS 
  STORAGE(INITIAL 65536 NEXT 1048576 MINEXTENTS 1 MAXEXTENTS 2147483645
  PCTINCREASE 0 FREELISTS 1 FREELIST GROUPS 1 BUFFER_POOL DEFAULT FLASH_CACHE DEFAULT CELL_FLASH_CACHE DEFAULT)
  TABLESPACE "SYSTEM"  ENABLE;
  ALTER TABLE "BLOOD_BANK"."BLOOD_INVENTORY" ADD CHECK (isSafe IN (0,1)) ENABLE;
  ALTER TABLE "BLOOD_BANK"."BLOOD_INVENTORY" ADD CHECK (status IN ('Available', 'Quarantined', 'Expired', 'Issued')) ENABLE;
--------------------------------------------------------
--  Constraints for Table HOSPITAL
--------------------------------------------------------

  ALTER TABLE "BLOOD_BANK"."HOSPITAL" ADD PRIMARY KEY ("HOSPITALID")
  USING INDEX PCTFREE 10 INITRANS 2 MAXTRANS 255 COMPUTE STATISTICS 
  STORAGE(INITIAL 65536 NEXT 1048576 MINEXTENTS 1 MAXEXTENTS 2147483645
  PCTINCREASE 0 FREELISTS 1 FREELIST GROUPS 1 BUFFER_POOL DEFAULT FLASH_CACHE DEFAULT CELL_FLASH_CACHE DEFAULT)
  TABLESPACE "SYSTEM"  ENABLE;
--------------------------------------------------------
--  Constraints for Table EMPLOYEE
--------------------------------------------------------

  ALTER TABLE "BLOOD_BANK"."EMPLOYEE" ADD PRIMARY KEY ("EMPLOYEEID")
  USING INDEX PCTFREE 10 INITRANS 2 MAXTRANS 255 COMPUTE STATISTICS 
  STORAGE(INITIAL 65536 NEXT 1048576 MINEXTENTS 1 MAXEXTENTS 2147483645
  PCTINCREASE 0 FREELISTS 1 FREELIST GROUPS 1 BUFFER_POOL DEFAULT FLASH_CACHE DEFAULT CELL_FLASH_CACHE DEFAULT)
  TABLESPACE "SYSTEM"  ENABLE;
--------------------------------------------------------
--  Constraints for Table NOTIFICATION
--------------------------------------------------------

  ALTER TABLE "BLOOD_BANK"."NOTIFICATION" ADD PRIMARY KEY ("NOTIFICATIONID")
  USING INDEX PCTFREE 10 INITRANS 2 MAXTRANS 255 COMPUTE STATISTICS 
  STORAGE(INITIAL 65536 NEXT 1048576 MINEXTENTS 1 MAXEXTENTS 2147483645
  PCTINCREASE 0 FREELISTS 1 FREELIST GROUPS 1 BUFFER_POOL DEFAULT FLASH_CACHE DEFAULT CELL_FLASH_CACHE DEFAULT)
  TABLESPACE "SYSTEM"  ENABLE;
  ALTER TABLE "BLOOD_BANK"."NOTIFICATION" ADD CHECK (isRead IN (0,1)) ENABLE;
  ALTER TABLE "BLOOD_BANK"."NOTIFICATION" ADD CHECK (notification_type IN ('SMS', 'Email', 'InApp')) ENABLE;
--------------------------------------------------------
--  Constraints for Table SYSTEM_LOG
--------------------------------------------------------

  ALTER TABLE "BLOOD_BANK"."SYSTEM_LOG" ADD PRIMARY KEY ("LOGID")
  USING INDEX PCTFREE 10 INITRANS 2 MAXTRANS 255 COMPUTE STATISTICS 
  STORAGE(INITIAL 65536 NEXT 1048576 MINEXTENTS 1 MAXEXTENTS 2147483645
  PCTINCREASE 0 FREELISTS 1 FREELIST GROUPS 1 BUFFER_POOL DEFAULT FLASH_CACHE DEFAULT CELL_FLASH_CACHE DEFAULT)
  TABLESPACE "SYSTEM"  ENABLE;
--------------------------------------------------------
--  Constraints for Table LABTECH
--------------------------------------------------------

  ALTER TABLE "BLOOD_BANK"."LABTECH" ADD PRIMARY KEY ("TECHID")
  USING INDEX PCTFREE 10 INITRANS 2 MAXTRANS 255 COMPUTE STATISTICS 
  STORAGE(INITIAL 65536 NEXT 1048576 MINEXTENTS 1 MAXEXTENTS 2147483645
  PCTINCREASE 0 FREELISTS 1 FREELIST GROUPS 1 BUFFER_POOL DEFAULT FLASH_CACHE DEFAULT CELL_FLASH_CACHE DEFAULT)
  TABLESPACE "SYSTEM"  ENABLE;
--------------------------------------------------------
--  Constraints for Table BLOODREQUEST
--------------------------------------------------------

  ALTER TABLE "BLOOD_BANK"."BLOODREQUEST" ADD PRIMARY KEY ("REQUESTID")
  USING INDEX PCTFREE 10 INITRANS 2 MAXTRANS 255 COMPUTE STATISTICS 
  STORAGE(INITIAL 65536 NEXT 1048576 MINEXTENTS 1 MAXEXTENTS 2147483645
  PCTINCREASE 0 FREELISTS 1 FREELIST GROUPS 1 BUFFER_POOL DEFAULT FLASH_CACHE DEFAULT CELL_FLASH_CACHE DEFAULT)
  TABLESPACE "SYSTEM"  ENABLE;
  ALTER TABLE "BLOOD_BANK"."BLOODREQUEST" ADD CHECK (status IN ('Pending', 'Approved', 'Fulfilled', 'Rejected')) ENABLE;
  ALTER TABLE "BLOOD_BANK"."BLOODREQUEST" ADD CHECK (urgency IN ('Normal', 'Emergency')) ENABLE;
--------------------------------------------------------
--  Constraints for Table DONATIONCAMP
--------------------------------------------------------

  ALTER TABLE "BLOOD_BANK"."DONATIONCAMP" ADD PRIMARY KEY ("CAMPID")
  USING INDEX PCTFREE 10 INITRANS 2 MAXTRANS 255 COMPUTE STATISTICS 
  STORAGE(INITIAL 65536 NEXT 1048576 MINEXTENTS 1 MAXEXTENTS 2147483645
  PCTINCREASE 0 FREELISTS 1 FREELIST GROUPS 1 BUFFER_POOL DEFAULT FLASH_CACHE DEFAULT CELL_FLASH_CACHE DEFAULT)
  TABLESPACE "SYSTEM"  ENABLE;
--------------------------------------------------------
--  Constraints for Table DONATIONRECORD
--------------------------------------------------------

  ALTER TABLE "BLOOD_BANK"."DONATIONRECORD" ADD PRIMARY KEY ("DONATIONID")
  USING INDEX PCTFREE 10 INITRANS 2 MAXTRANS 255 COMPUTE STATISTICS 
  STORAGE(INITIAL 65536 NEXT 1048576 MINEXTENTS 1 MAXEXTENTS 2147483645
  PCTINCREASE 0 FREELISTS 1 FREELIST GROUPS 1 BUFFER_POOL DEFAULT FLASH_CACHE DEFAULT CELL_FLASH_CACHE DEFAULT)
  TABLESPACE "SYSTEM"  ENABLE;
  ALTER TABLE "BLOOD_BANK"."DONATIONRECORD" ADD CHECK (isApproved IN (0,1)) ENABLE;
--------------------------------------------------------
--  Constraints for Table APPOINTMENT
--------------------------------------------------------

  ALTER TABLE "BLOOD_BANK"."APPOINTMENT" ADD PRIMARY KEY ("APPOINTMENTID")
  USING INDEX PCTFREE 10 INITRANS 2 MAXTRANS 255 COMPUTE STATISTICS 
  STORAGE(INITIAL 65536 NEXT 1048576 MINEXTENTS 1 MAXEXTENTS 2147483645
  PCTINCREASE 0 FREELISTS 1 FREELIST GROUPS 1 BUFFER_POOL DEFAULT FLASH_CACHE DEFAULT CELL_FLASH_CACHE DEFAULT)
  TABLESPACE "SYSTEM"  ENABLE;
  ALTER TABLE "BLOOD_BANK"."APPOINTMENT" ADD CHECK (status IN ('Scheduled', 'Completed', 'Cancelled', 'Noshow')) ENABLE;
--------------------------------------------------------
--  Constraints for Table ADMIN
--------------------------------------------------------

  ALTER TABLE "BLOOD_BANK"."ADMIN" ADD PRIMARY KEY ("ADMINID")
  USING INDEX PCTFREE 10 INITRANS 2 MAXTRANS 255 COMPUTE STATISTICS 
  STORAGE(INITIAL 65536 NEXT 1048576 MINEXTENTS 1 MAXEXTENTS 2147483645
  PCTINCREASE 0 FREELISTS 1 FREELIST GROUPS 1 BUFFER_POOL DEFAULT FLASH_CACHE DEFAULT CELL_FLASH_CACHE DEFAULT)
  TABLESPACE "SYSTEM"  ENABLE;
--------------------------------------------------------
--  Ref Constraints for Table ADMIN
--------------------------------------------------------

  ALTER TABLE "BLOOD_BANK"."ADMIN" ADD CONSTRAINT "FK_ADMIN_USER" FOREIGN KEY ("ADMINID")
	  REFERENCES "BLOOD_BANK"."USERS" ("USERID") ON DELETE CASCADE ENABLE;
--------------------------------------------------------
--  Ref Constraints for Table APPOINTMENT
--------------------------------------------------------

  ALTER TABLE "BLOOD_BANK"."APPOINTMENT" ADD FOREIGN KEY ("DONORID")
	  REFERENCES "BLOOD_BANK"."DONOR" ("DONORID") ENABLE;
  ALTER TABLE "BLOOD_BANK"."APPOINTMENT" ADD FOREIGN KEY ("DONATIONCAMPID")
	  REFERENCES "BLOOD_BANK"."DONATIONCAMP" ("CAMPID") ENABLE;
--------------------------------------------------------
--  Ref Constraints for Table BLOODREQUEST
--------------------------------------------------------

  ALTER TABLE "BLOOD_BANK"."BLOODREQUEST" ADD FOREIGN KEY ("HOSPITALID")
	  REFERENCES "BLOOD_BANK"."HOSPITAL" ("HOSPITALID") ENABLE;
--------------------------------------------------------
--  Ref Constraints for Table BLOOD_REPORT
--------------------------------------------------------

  ALTER TABLE "BLOOD_BANK"."BLOOD_REPORT" ADD FOREIGN KEY ("ADMINID")
	  REFERENCES "BLOOD_BANK"."ADMIN" ("ADMINID") ENABLE;
--------------------------------------------------------
--  Ref Constraints for Table DONATIONCAMP
--------------------------------------------------------

  ALTER TABLE "BLOOD_BANK"."DONATIONCAMP" ADD FOREIGN KEY ("ORGANIZERID")
	  REFERENCES "BLOOD_BANK"."USERS" ("USERID") ENABLE;
--------------------------------------------------------
--  Ref Constraints for Table DONATIONRECORD
--------------------------------------------------------

  ALTER TABLE "BLOOD_BANK"."DONATIONRECORD" ADD FOREIGN KEY ("DONORID")
	  REFERENCES "BLOOD_BANK"."DONOR" ("DONORID") ENABLE;
--------------------------------------------------------
--  Ref Constraints for Table DONOR
--------------------------------------------------------

  ALTER TABLE "BLOOD_BANK"."DONOR" ADD CONSTRAINT "FK_DONOR_USER" FOREIGN KEY ("DONORID")
	  REFERENCES "BLOOD_BANK"."USERS" ("USERID") ON DELETE CASCADE DISABLE;
--------------------------------------------------------
--  Ref Constraints for Table EMPLOYEE
--------------------------------------------------------

  ALTER TABLE "BLOOD_BANK"."EMPLOYEE" ADD CONSTRAINT "FK_EMP_USER" FOREIGN KEY ("EMPLOYEEID")
	  REFERENCES "BLOOD_BANK"."USERS" ("USERID") ON DELETE CASCADE ENABLE;
--------------------------------------------------------
--  Ref Constraints for Table HOSPITAL
--------------------------------------------------------

  ALTER TABLE "BLOOD_BANK"."HOSPITAL" ADD CONSTRAINT "FK_HOSP_USER" FOREIGN KEY ("HOSPITALID")
	  REFERENCES "BLOOD_BANK"."USERS" ("USERID") ON DELETE CASCADE ENABLE;
--------------------------------------------------------
--  Ref Constraints for Table LABTECH
--------------------------------------------------------

  ALTER TABLE "BLOOD_BANK"."LABTECH" ADD CONSTRAINT "FK_LAB_USER" FOREIGN KEY ("TECHID")
	  REFERENCES "BLOOD_BANK"."USERS" ("USERID") ON DELETE CASCADE ENABLE;
--------------------------------------------------------
--  Ref Constraints for Table NOTIFICATION
--------------------------------------------------------

  ALTER TABLE "BLOOD_BANK"."NOTIFICATION" ADD FOREIGN KEY ("USERID")
	  REFERENCES "BLOOD_BANK"."USERS" ("USERID") ENABLE;
--------------------------------------------------------
--  Ref Constraints for Table SYSTEM_LOG
--------------------------------------------------------

  ALTER TABLE "BLOOD_BANK"."SYSTEM_LOG" ADD FOREIGN KEY ("ADMINID")
	  REFERENCES "BLOOD_BANK"."ADMIN" ("ADMINID") ENABLE;
